Country Name,2010,2011,2012,2013,2014,2015,2016,2017,2018,2019,2020,2021,2022,2023,2024
Aruba,11.546062,12.36644833,10.07606346,10.74966244,10.7994982,12.46882309,12.71382235,12.39482333,11.35816806,11.37203709,,,,,
Africa Eastern and Southern,27.6421591,28.77471275,28.55661384,27.84308599,27.1844254,25.21609976,25.03128315,26.28548399,27.85973207,26.42175127,25.43423525,26.0752669,26.92191859,25.12789655,
Afghanistan,21.1514207,22.74025248,21.15780715,20.44460531,21.22966322,22.12404249,10.46680769,10.051874,13.38724696,14.05811237,12.9525996,14.27365702,16.05036772,13.52310327,
Africa Western and Central,27.14270391,30.11515439,29.49023863,28.55248693,27.17058644,22.90852052,21.40611114,24.28211883,26.68109892,27.54074169,27.25613122,29.53828474,30.33562741,30.15244978,
Angola,52.36843758,56.02651389,56.91821896,53.36285218,46.20332557,41.93309219,42.64356787,42.16795377,47.93154185,49.76092161,45.67824234,47.52440955,45.1800529,45.26291872,
Albania,24.93746193,24.48447822,22.91855334,23.06131685,21.50884574,21.763681,21.14196535,20.35840836,23.75358622,22.96553064,23.46871642,22.43411512,23.02505758,23.0184725,
Andorra,13.12564606,11.90885311,11.07157967,10.61824715,10.1535313,9.981268716,10.14077941,10.39551767,11.07633372,11.69981763,12.66015827,12.36263639,11.1453411,12.42822618,
Arab World,50.23253183,53.61344131,54.3957577,52.23548136,49.73037364,40.56329062,38.24858237,40.90735629,44.67254766,42.62135491,36.7969027,42.33187673,48.72369235,43.53402918,
United Arab Emirates,51.67845948,57.07712067,56.56806174,54.20381498,51.98971367,43.35424493,41.02857173,42.52803477,46.91895759,44.52451604,42.17404307,47.13932402,51.08332896,47.72364183,
Argentina,25.25877626,25.21269761,24.42905706,24.00588144,24.27739449,23.15305614,22.05410721,21.78212322,23.71959233,23.15784774,22.40887637,23.49946443,24.00755278,25.05638161,
Armenia,,,27.82709461,26.70904814,25.27053295,25.70869944,25.57713304,25.80953238,24.75655785,24.97160846,26.8172957,26.36434041,25.43709664,23.37453924,
American Samoa,,,,,,,,,,,,,,,
Antigua and Barbuda,14.83900048,14.45307419,14.01963055,14.76031464,15.36541995,15.92502718,17.7630483,18.84903885,20.6520988,21.09392609,21.13358623,20.4929123,19.47359445,19.43515875,
Australia,25.17307843,26.52184365,26.37902152,25.18645053,25.56515748,23.6809068,22.31997558,23.47406061,24.12405777,25.2720792,25.38645572,25.42086525,27.48251427,27.65088239,
Austria,26.03964197,25.8570854,26.00980494,25.96977309,25.7857017,25.51524022,25.91246918,25.8023213,25.71909264,25.5363771,25.65448678,25.72803214,25.20554006,25.24461584,
Azerbaijan,59.7713411,61.73284436,59.45579126,57.05441545,53.58685467,44.89132034,47.55780701,49.7017251,52.25053688,48.82363284,41.95632016,48.81817362,56.14673736,46.63173598,
Burundi,15.38615628,14.80968132,15.75081302,15.58480051,15.49821159,11.76642869,12.20736309,10.99313081,11.10721703,10.93598,10.74295,10.59939,10.63778814,9.587041966,
Belgium,20.6595926,20.75145995,19.99564875,19.91519357,19.61905707,19.47677469,19.09810578,19.15456041,18.96412515,19.24171057,19.08117052,17.99749498,19.51856076,18.53201114,
Benin,18.00905314,18.13744911,16.95668469,17.24370929,16.41157749,16.38509544,15.70206831,15.10758585,14.64195675,16.3125612,16.29054905,16.46740038,17.01771681,17.30191927,
Burkina Faso,26.05555203,28.37227091,26.86751038,24.09575158,24.92953925,24.36137578,24.88151737,25.15001589,25.58944338,27.42591338,29.46947678,28.5306243,28.73548466,29.25074388,
Bangladesh,24.95647673,25.0452996,25.30995939,26.30707016,26.31104678,26.83139483,31.06915138,31.24829196,31.98281359,32.8525492,32.91156508,33.31609439,33.9200805,34.59427216,
Bulgaria,23.75417724,25.03010121,25.3837647,23.50748126,23.44430188,24.03013949,24.4597737,23.98929513,22.18714704,21.52278598,21.82357861,20.74039058,25.30279143,22.6590549,
Bahrain,43.92685819,48.29479584,46.33973028,46.69712846,45.31357676,39.09079907,38.20333986,39.9934663,41.47588718,40.61776696,39.10010798,44.21643249,46.85334806,44.03409206,
"Bahamas, The",11.49987718,12.04514197,13.03402858,13.03891956,13.3824186,11.311783,13.33917974,13.14815269,12.45343141,13.24580139,12.5594987,11.21656449,8.497761944,8.791017191,
Bosnia and Herzegovina,22.45400963,22.19325971,21.62320082,22.3236757,22.15636982,21.72645605,22.34435004,23.12107386,23.71135919,23.20379231,23.77756094,24.79938161,24.66324979,23.75497207,
Belarus,35.39302312,36.08878908,36.28285989,35.90385104,35.37894489,32.69269269,30.95872521,31.55426107,31.26553303,31.73707805,31.3516474,32.14457341,33.02909555,32.53975122,
Belize,18.0615226,18.67217646,15.76935163,15.7053253,15.84005612,14.54367205,15.46067315,14.09345629,13.66401395,14.05183603,16.33012703,17.02505629,15.43014719,14.26708186,
Bermuda,6.597532363,5.667424558,5.118742188,5.299009118,5.004639859,5.124380479,5.349793642,5.509305385,5.701235971,6.370650363,5.634176242,5.300601501,5.357474087,,
Bolivia,30.14394175,30.36910664,29.33421963,28.5181929,27.62549988,25.20241626,25.32635896,26.36997442,26.24658947,25.21027455,23.49193201,26.36230039,26.20175888,24.22813657,
Brazil,23.26797735,23.10205097,22.13364736,21.22480995,20.47246275,19.36004398,18.35475828,18.18850231,18.74905145,18.75462757,19.50611839,22.12347519,22.81945685,22.26318204,
Barbados,14.51182229,15.11480661,14.69673508,14.64033701,14.35159698,14.42717792,13.89043854,13.83679704,13.53228402,13.23890933,13.49905771,13.94657047,13.9791701,13.24682253,
Brunei Darussalam,68.65335068,73.67241439,72.6556143,70.02244393,67.84963064,61.36277769,57.28936408,59.72058921,63.24481837,62.5153214,59.13363013,62.70156408,67.92558548,61.80076976,
Bhutan,39.32493053,37.41788261,38.21269124,38.8444854,37.64495505,38.46809463,38.44899644,39.03887936,35.26521345,33.09390304,31.79097654,31.62327241,31.82484473,,
Botswana,37.27893796,41.43221525,37.5753343,39.10622989,41.7777034,37.54399949,40.34516219,37.10100502,34.80032767,31.94710542,26.69049763,33.0386864,37.45563996,34.32351244,
Central African Republic,24.50992414,26.63835543,27.52307537,24.1910676,19.48260861,22.12525135,21.63823744,20.73722455,20.55575596,20.51197122,20.44818877,21.58732,21.1573,20.70681732,
Canada,26.35113316,27.1393406,26.6346688,26.61323518,27.13794246,24.41568255,23.29530055,24.02780289,24.62230596,24.07740788,22.45161732,,,,
Central Europe and the Baltics,29.80824597,30.57188334,29.62213641,28.42168063,29.30310328,29.51871955,29.00982108,28.01380775,27.7962552,27.50752928,27.03971587,26.67216352,27.38452621,28.0366123,
Switzerland,24.69452587,25.03152647,24.60389113,24.70221273,24.32391507,24.20112582,24.08997921,24.21769432,24.42395718,24.72115913,24.82791568,25.57885649,24.87466743,24.92771976,
Channel Islands,,,,,,,7.675771826,8.019381416,7.923675346,7.93089453,7.654094447,8.864399238,8.383067917,8.220517331,
Chile,33.46690302,32.44175424,30.55830033,29.43043731,28.90286706,27.88064041,26.77956505,27.38115607,27.86152277,27.11844224,29.8295676,30.88386558,31.25733429,29.66516641,
China,46.49783114,46.52928947,45.42298074,44.17670454,43.08556811,40.84133997,39.5806215,39.85169845,39.68701182,38.58740546,37.84282172,39.290772,39.32766985,38.28299079,
Cote d'Ivoire,15.97657938,16.76240073,17.73245519,18.97952957,19.84554862,20.12155783,20.82071381,19.80856265,19.11168189,21.64204005,20.7022034,22.10303507,23.62651846,23.88720816,
Cameroon,25.84451173,25.77675973,26.62487218,26.74194593,25.70780278,25.09148801,24.18214457,24.26219529,24.68223121,23.82687805,23.03806544,24.49255424,27.13035934,25.53343102,
"Congo, Dem. Rep.",38.68914996,40.94273752,40.25475638,41.28634597,42.97984786,41.7048639,41.16138163,55.8844017,65.87642951,39.65191584,41.13376671,45.34203535,47.77963317,46.50797491,
"Congo, Rep.",66.17916978,65.8738952,65.31021912,61.98930813,58.00141554,48.67895619,38.44745141,45.96718951,54.39199184,50.12867157,33.9517598,42.89370294,49.24555236,45.22363396,
Colombia,31.3713561,33.30215517,33.40550062,32.74755529,30.98585272,28.58944789,27.68916231,26.81485891,26.89546675,25.99342684,23.4392386,24.55656974,26.1475271,24.55436012,
Comoros,11.77544243,11.6973086,11.22256957,11.64828999,11.61092478,10.40840816,9.85451807,9.137350096,8.876795865,8.531000615,8.089453236,9.267578777,9.080239623,8.974341057,
Cabo Verde,14.94145775,14.56997848,14.00680796,14.57827873,15.45569567,14.61589099,12.66684933,12.51880384,14.62868997,13.28519743,14.68663272,12.519147,11.07892384,10.56632369,
Costa Rica,23.32296521,22.58987067,22.20487739,21.34497248,20.61640542,19.96787847,19.65001128,19.31453971,19.55814326,19.23365693,20.36785113,20.60579236,20.64643811,20.45925384,
Caribbean small states,17.93480707,18.37069704,18.61946917,18.18077688,17.72641765,16.55555127,17.35854517,18.11436572,17.85661298,18.10208392,20.36800324,23.52903031,31.19458167,28.60789151,
Cuba,22.89360776,22.2582983,23.36719487,23.1503085,22.15207529,22.35380936,22.94280122,24.35662514,24.87790646,24.54953997,23.01787208,23.34743595,23.77004188,,
Curacao,15.01972892,13.63866203,13.78632467,15.33896246,16.3585495,16.50359758,17.15376234,15.40989747,14.41275043,13.27463829,11.98469384,11.43671171,11.18905861,11.68772482,
Cayman Islands,7.065307699,6.813325371,6.857946093,6.923950601,6.896180449,7.006038297,7.28391279,7.193818235,7.414390774,7.707953575,8.134914863,8.374495859,8.1905945,,
Cyprus,14.47911521,12.74536429,11.75798543,10.74927831,9.972876769,10.19094632,10.83651488,11.3472324,12.02242703,12.78901189,12.8234845,11.48036009,10.31577978,10.49417088,
Czechia,32.78253746,33.31530478,32.61187757,32.37506449,33.52560569,33.51506176,33.02612208,32.23450692,31.24494021,30.81729276,29.67284901,28.5164056,29.21857305,30.42233588,
Germany,26.06312546,26.31240879,26.57610753,25.90779415,26.01463233,25.91528527,26.2157748,26.11757042,25.9385392,25.63105395,25.37746187,25.30665368,25.68688746,26.843115,
Djibouti,,,,11.39562816,11.64420336,11.39514948,11.33870712,12.40612445,13.99160539,14.61028949,15.03826399,16.28710536,15.33349204,15.30243453,
Dominica,11.70752927,12.83810256,12.75425053,12.31975621,12.49039255,12.53364749,11.99174712,11.0723695,16.15015889,15.08039851,12.22950242,12.17232961,11.99819438,12.19687617,
Denmark,19.36793546,19.84592379,19.85064215,19.73435986,19.40444793,19.56444285,20.23196293,20.42362523,20.57556363,20.64022005,19.55505441,19.79677157,20.83551839,23.48856529,
Dominican Republic,27.92339361,28.39554288,28.42025851,29.24893357,29.76905868,28.49636818,27.57808736,28.068774,28.81128478,29.07733665,30.28247171,32.66212093,33.06966487,31.13868857,
Algeria,45.24319464,44.9869856,43.19505491,39.74385437,38.56141383,32.75650093,32.20516405,33.47669495,35.34325861,33.57432118,30.02358038,36.32148125,43.04805748,37.75704953,
East Asia & Pacific (excluding high income),44.80378317,44.96108057,44.11239868,43.04544617,42.17004364,40.147105,39.00442944,39.27941353,39.21711999,38.19402885,37.46085014,38.94213404,39.13118239,38.01930762,
Early-demographic dividend,34.35301478,35.22506318,35.00980011,33.915078,32.80117206,31.94779889,31.39545036,31.96444542,32.95371809,31.87700538,30.80145982,32.56709187,34.01969515,32.53045739,
East Asia & Pacific,35.86785455,35.90050242,35.7353965,35.91678386,36.06822974,35.38743402,34.58305091,35.04155523,35.18773812,34.50985771,34.25288174,35.53156261,35.53236059,34.62802071,
Europe & Central Asia (excluding high income),28.48789684,29.91057062,29.69151388,29.68368063,29.88438172,28.59377877,28.63707772,29.47686224,30.03440275,28.71780679,28.44593873,30.66784765,31.15321609,28.56052628,
Europe & Central Asia,23.37694712,23.65429838,23.52038485,23.18743759,22.88742581,22.89785719,22.70553061,22.99911776,23.18054502,22.99765495,22.59546331,23.20878353,24.2845307,23.82654889,
Ecuador,33.90617518,37.40570052,37.09175038,36.83229365,35.71199553,28.09004234,27.53396379,28.4680087,28.01474953,26.65046059,23.98113473,27.43638227,29.21197993,26.85713301,
"Egypt, Arab Rep.",35.78451848,35.9517176,39.25130243,39.8869574,39.89033386,36.63020154,32.4559536,34.39586809,35.32987503,35.82542438,32.3694441,31.18763577,32.71143147,32.11904192,
Euro area,21.98598527,21.9722205,21.78461915,21.45785827,21.32128696,21.67016819,21.66936759,21.67409146,21.67283748,21.62216011,21.59249363,21.80878081,22.36396783,22.65664061,
Eritrea,,,,,,,,,,,,,,,
Spain,22.98594897,21.88717027,20.79927488,20.0279432,19.86959899,19.92306221,19.79372502,19.9047199,19.73857438,19.97790558,20.11939278,20.31657485,20.93090638,20.11641007,
Estonia,24.03454918,25.34667451,24.63167814,24.67800446,24.10602104,23.11548514,23.23404176,23.18086204,23.28866055,22.31338488,21.77170781,22.65161698,23.33904868,21.74210874,
Ethiopia,9.435128138,9.664642193,9.476137965,10.94455699,13.47132451,16.29779364,21.9325682,23.58190618,27.30570214,24.82236751,23.10229481,21.85002737,22.71752781,24.47667644,
European Union,22.6235517,22.69515304,22.42628394,22.00309483,21.93770296,22.30907071,22.27112103,22.22272984,22.22738917,22.17473452,22.06581813,22.27122162,22.91141557,23.25411149,
Fragile and conflict affected situations,,,,,,,,,,,,,,,
Finland,26.18537633,25.03908325,23.35885177,23.29813216,23.06186393,23.30393164,23.47659202,24.47064164,24.110735,24.14660529,24.22722062,24.232606,25.2085494,23.86470072,
Fiji,16.9725804,17.41334029,16.72296805,16.33721435,15.01276558,15.17127,16.20268639,15.6940491,15.53731864,15.81866275,17.18899536,16.6732884,15.70713115,14.19213391,
France,17.5945885,17.68000487,17.46843477,17.56999392,17.34161953,17.23644155,16.94335724,16.74830326,16.72528326,16.90700396,16.27265121,16.08772896,16.19809184,18.47019258,
Faroe Islands,14.23571396,14.30281135,14.19396138,13.81341629,15.66818304,16.48553445,15.60074347,17.30649997,17.88793532,19.11334707,20.98884824,19.52491938,17.94678765,19.66991453,
"Micronesia, Fed. Sts.",7.235469572,8.162566463,8.338153826,7.307297525,6.030484428,6.113275653,6.046953846,5.429415042,4.866454082,4.817918782,4.885349462,5.022871795,4.854744186,4.85473913,
Gabon,55.19246281,60.88121046,58.82460162,56.60861688,52.72224165,48.1836273,45.0378509,45.46730899,47.12708562,47.67886409,41.51410133,52.94298165,59.12750183,53.52604262,
United Kingdom,18.58801047,18.32544404,18.30170127,18.62171677,18.22874888,18.09412294,17.59394872,17.80509988,17.90035237,17.75886435,17.41133528,16.73409469,17.24165502,17.50018106,
Georgia,16.87791052,17.68003678,18.84674445,18.03372091,18.1712887,19.7698929,19.12216015,21.26748936,20.90427646,20.0073714,21.07095523,21.06756126,21.32977971,18.87995487,
Ghana,18.01494281,23.86366009,27.13653359,34.08982221,33.89820305,31.1193795,27.69325465,29.95221769,31.17774363,31.10772437,29.87675423,28.40501467,31.47005051,29.45955206,
Gibraltar,,,,,,,,,,,,,,,
Guinea,32.3138373,32.61440056,31.5767583,29.64071392,29.69416485,26.32464161,30.10384329,31.65398693,33.34100143,29.3907987,28.51227427,28.82107123,26.50293007,26.34231361,
"Gambia, The",9.828166236,11.51266032,11.95836884,11.89469631,13.21483428,17.14345306,20.93559296,17.89275502,17.3104258,17.28260083,16.85368539,15.88212315,15.58896953,16.65893213,
Guinea-Bissau,13.74951491,12.2556709,12.04575127,13.15453146,14.6822694,12.92684753,12.02269333,11.7058929,16.37057219,15.6781095,15.8307172,15.14960792,16.02308299,18.77982979,
Equatorial Guinea,74.74456143,78.06487369,77.31150427,72.44925774,70.19094522,59.10058727,52.33025433,56.86222809,57.29508162,52.07541004,45.40541058,50.20179211,56.21099906,46.50380817,
Greece,15.06552779,14.37924098,14.79981911,15.06431528,14.14428257,14.44061439,14.30533599,13.54389389,13.68040764,13.41395724,14.29560219,14.77119778,16.69772345,15.28185351,
Grenada,14.7093297,13.34303667,12.3180286,13.39782952,12.81043786,12.32428898,12.15518956,12.71587675,13.43317702,13.64176034,13.09416053,14.54795551,16.1794239,14.95339195,
Greenland,18.08424492,18.06051859,18.91178514,18.13322723,15.6961946,17.04671163,17.68740706,17.01055293,18.21300677,17.14222827,18.34624939,16.06132551,,,
Guatemala,27.49182654,27.94362123,28.12343712,22.95294843,23.19271653,22.73751094,22.61444112,21.90490978,21.42643238,21.94225744,22.32946337,22.24131336,22.59900165,22.28505604,
Guam,,,,,,,,,,,,,,,
Guyana,24.90272708,26.45387707,26.58774987,25.62806498,24.39212723,24.71873879,29.38292731,26.20709068,26.25976398,28.68931863,38.79608015,50.38958125,67.82064845,,
High income,23.96686188,24.23122345,24.09190355,23.76661364,23.62745232,22.8136556,22.38983292,22.77916745,23.12869064,22.6992379,21.98246737,22.45427363,,,
"Hong Kong SAR, China",6.835827987,6.7171725,6.844524385,6.947699229,7.067506488,7.058016579,7.475714668,7.218762443,6.478878505,6.254714375,6.170581955,5.989491533,6.26262691,6.323985,
Honduras,25.5871307,25.81421601,26.1135718,25.40931972,24.5107788,25.64997094,25.8278975,26.53892231,26.5924588,26.7243169,25.35785722,25.82015931,25.90842477,26.03242408,
Heavily indebted poor countries (HIPC),23.72206676,25.06040634,24.93492023,25.66704694,25.13252004,23.96252571,23.98321674,25.33653897,27.68759004,26.0564429,25.27679625,25.73937427,26.8309202,25.28551629,
Croatia,21.36566747,21.49936193,21.03825499,20.50543715,20.65084317,20.3676184,20.2753466,19.77098612,19.28990883,19.57602338,20.09527751,19.58415245,20.06514956,21.01032239,
Haiti,23.53326873,24.59258027,25.37328252,25.68991933,26.56062976,26.05569094,24.44867789,23.70540839,24.13852103,23.38232622,23.32753945,25.52810878,29.34113803,31.03700601,
Hungary,25.19990382,25.10410432,25.01819953,25.04907847,25.69053886,26.38323124,25.4924908,25.16968087,25.08482206,24.71178166,24.38025026,24.1759579,24.64836488,24.32018356,
IBRD only,36.43215291,36.76168618,36.5118719,35.70081702,35.13639498,34.85734411,34.01449578,34.2657323,34.92548024,34.0507831,33.64584015,35.41178565,35.63209581,34.23907011,
IDA & IBRD total,35.59245984,36.02965752,35.74661995,34.94568486,34.38246306,33.96149467,33.19735974,33.58646876,34.31574273,33.52153265,33.13295543,34.85965091,35.0999632,33.76186126,
IDA total,24.96926066,26.32675722,25.52580513,25.16584897,25.01467742,23.2494208,23.30208421,24.94205628,26.4811051,26.80535091,26.72339802,27.39840946,28.06425616,27.25654493,
IDA blend,24.27988069,25.738872,25.38895182,24.39174673,23.85644211,20.95553246,19.49040533,21.81276046,23.4653928,24.76781133,24.56561662,25.95545769,26.85642061,26.50810093,
Indonesia,42.77586634,43.91342343,43.59374442,42.63567744,41.92834213,40.0478624,39.30844398,39.3791548,39.72973745,38.951768,38.23839372,39.84481919,41.43004725,40.21562946,
IDA only,25.57642483,26.85374353,25.6531445,25.92981818,26.17795553,25.45398363,26.53914815,27.46822984,28.88981722,28.38921228,28.27888601,28.43751868,28.93722521,27.74790905,
Isle of Man,,,9.234801707,9.012033149,8.257548735,8.706772725,7.9069983,7.431955871,8.021557795,7.593255829,8.88444589,9.424168208,,,
India,30.72507823,30.16167976,29.3985277,28.40489956,27.6564012,27.34739148,26.61899994,26.50001665,26.4120919,24.59147531,25.12290581,26.46652361,25.28406278,25.03063332,
Not classified,,,,,,,,,,,,,,,
Ireland,23.33190421,24.26553444,24.0269939,23.80270297,24.40166738,38.40330288,36.48317444,36.23589045,36.87823743,35.91500018,37.37275621,38.18391409,40.68170533,33.18818387,
"Iran, Islamic Rep.",44.20937942,46.23228857,42.09416321,42.77886847,39.22822805,32.17473965,34.36750777,36.22932632,37.35278268,33.29714526,36.14055614,38.01373475,39.85569298,36.24386442,
Iraq,55.79349515,62.54802879,60.57698851,57.69152679,55.30759638,45.34028882,46.18250206,51.32968146,54.16994275,53.10940328,39.90409722,54.60888777,65.82839439,55.5843656,
Iceland,22.00288188,22.39411662,21.06430568,21.08005371,20.77705897,20.06093987,19.57767877,19.56025679,19.82184803,19.53163316,20.1810958,20.38828577,21.26440966,21.05673622,
Israel,20.88115969,20.18658753,20.5141077,20.62675632,19.97093092,20.01481997,19.16680124,18.61053797,18.87893716,18.97833976,19.42921119,18.02512968,18.89213336,,
Italy,21.36908017,21.24073422,20.79483201,20.60015394,20.18708447,20.28952832,20.66264572,20.79261424,20.98654902,21.01229844,20.96420391,22.55727711,23.22242618,22.93955728,
Jamaica,17.98633045,18.24902354,17.99386056,18.09906598,18.3652279,19.26597766,19.11196922,19.43699951,20.34854096,19.25358445,20.39123954,20.9347128,19.92208154,18.64888432,
Jordan,26.26682864,26.79466943,25.80780431,25.64066059,25.50879656,25.23280626,24.66931196,24.51396985,24.07783293,24.11168804,23.55381002,23.42042402,24.48820158,24.76526379,
Japan,28.33597017,26.70143607,26.56264143,26.65074506,27.31362673,28.58371142,28.62994765,28.88242601,29.01400769,28.80408481,29.07340052,29.26286087,26.91643406,,
Kazakhstan,40.60242212,37.2660881,36.30285333,33.69881564,33.20942583,30.85478739,31.97979036,32.3252253,33.4962004,33.02879591,33.09779715,35.2669296,34.97939742,32.3295254,
Kenya,18.57467277,19.66290083,19.26155256,19.08025911,19.0360328,18.8940457,18.16215929,17.50350921,17.31314613,16.93054523,17.40028763,17.15243578,17.5274481,16.85806939,
Kyrgyz Republic,26.26527379,27.44908809,22.25712973,24.84359467,23.88822892,25.07806232,26.546424,27.30809347,27.47851368,26.58031495,26.90424685,23.74830157,24.1941422,22.63541961,
Cambodia,26.00889851,26.66069267,27.61102977,28.9581198,29.91699165,31.46390517,33.05620946,34.29808092,36.87142375,39.04559465,37.45761228,40.32050857,40.86496262,40.51737416,
Kiribati,11.97760988,13.21564056,13.49302013,14.37698336,14.11507081,14.72677359,14.65063788,12.41675857,11.08181304,9.564407218,9.765947513,10.62754571,9.830740847,,
St. Kitts and Nevis,22.54463649,20.93955569,18.68459113,19.71219,21.37861283,22.73824724,24.51433007,26.2859866,24.55069013,25.30180094,23.13593872,22.57751436,21.75058305,20.16773237,
"Korea, Rep.",34.11677597,34.45096726,34.13469264,34.44782919,34.09167237,34.14993567,34.29779968,34.76630854,34.04580231,32.67914892,32.5381602,32.4320155,31.72630126,31.59416497,
Kuwait,66.06557599,72.72497333,74.81232078,73.09869385,70.54831668,55.93584566,52.13478016,55.61921587,60.12765373,57.71865674,48.46121018,58.26413315,65.60966537,60.74828213,
Latin America & Caribbean (excluding high income),26.96251152,27.30000004,27.02503773,26.04634256,25.50585267,24.57648498,23.77629331,23.87325238,24.72244166,24.59392499,24.50819569,26.4391551,27.0773257,26.41839815,
Lao PDR,30.46602109,30.81597019,32.43664467,30.42770755,28.81500055,27.69334425,28.75950464,30.9124754,31.53319249,31.53138199,32.41636783,34.12997772,34.10897973,30.53358083,
Lebanon,13.80937621,14.50621607,15.48551974,16.34379623,16.20941013,15.70518464,15.95390381,14.92687978,13.80560238,12.49911818,6.638166395,2.758632074,2.3907621,,
Liberia,4.999614615,8.300116764,14.58892598,19.51825415,18.55481,16.82484548,13.770442,15.44165143,16.92386495,16.98960702,16.94895131,18.21779055,20.68854727,24.1745283,
Libya,75.74498699,53.8989087,73.73692992,65.12375891,46.76927755,34.82896933,26.07707627,38.98001611,49.67675801,49.97761793,15.95020364,74.91210084,76.83807986,77.34007851,
St. Lucia,11.69936339,11.0709394,10.88233113,10.23825458,9.981366986,10.8613695,10.99284454,10.88213491,9.858749955,9.044631021,12.66717719,11.28654739,8.865982641,9.685432987,
Latin America & Caribbean,29.17513688,28.93496168,28.58756799,27.63398997,26.90657022,29.05312273,28.12332741,28.17173717,29.11270349,28.94234649,29.02290612,31.13604003,31.82976447,31.0426783,
Least developed countries: UN classification,29.12608863,30.98781235,30.4617446,29.49856936,28.83293277,26.82894915,27.46669887,28.68911864,30.9289555,30.25494474,29.50579036,29.93437994,30.37123047,29.0490128,
Low income,28.48136426,29.39663649,25.51961981,24.48140597,25.46828085,23.74239513,23.17752257,24.90141567,28.8701498,25.40623272,25.42640505,24.93281161,24.95976956,23.09971074,
Liechtenstein,,,,39.30458267,39.64717263,37.26026489,41.95437832,44.07861714,41.75503469,44.29522857,40.30361983,40.20096223,,,
Sri Lanka,27.7831983,29.07314976,30.96985381,30.79568073,30.51789543,29.53541787,30.48271773,31.12827865,30.05681952,29.19100987,28.23583249,29.95400977,29.80867832,25.5926109,
Lower middle income,29.17917727,29.65291222,29.69071588,29.01907579,28.37019773,27.13977326,26.51608016,27.07675359,27.6114539,27.22356236,27.13398484,28.0320124,28.00893433,27.463732,
Low & middle income,36.00584268,36.67012101,36.47878114,35.70315232,35.05471514,33.6605528,32.89708314,33.30140399,33.99013543,33.1686572,32.86282313,34.61947107,34.80319783,33.45618676,
Lesotho,31.46335213,33.19964991,30.81793982,29.02324456,32.16087362,33.7385657,30.58664757,28.57306173,31.13904258,30.5436539,31.07920713,32.07145827,30.48874128,28.73226229,
Late-demographic dividend,38.42313941,38.71539839,38.49688684,37.67377255,37.25782065,36.56714449,35.47458593,35.6166449,36.28440596,35.45152282,35.03309526,36.74959347,37.12563326,35.62648244,
Lithuania,26.21165181,28.35343171,28.20019993,27.62426892,27.72644118,26.96369786,25.99746022,25.72045768,25.57887872,25.25641494,24.78769007,24.85875092,25.63986959,24.23709429,
Luxembourg,10.99797265,10.70843828,10.42671879,10.44294198,10.81088063,11.53962343,12.09593256,10.81833686,10.98065234,11.59889581,11.31189448,10.72099889,10.39672252,10.47191474,
Latvia,20.8612026,21.41890103,21.41559034,20.8210959,19.61860433,19.78345674,19.16543657,19.77672939,19.3453568,19.59885279,20.33418377,21.09083701,20.72070208,22.33812476,
"Macao SAR, China",4.808470909,4.160602224,4.035006375,3.719346479,5.039268807,7.695964505,6.620618076,4.996772845,4.090661172,4.213344131,8.485165777,7.68616442,9.251920664,5.444753715,
St. Martin (French part),,,,,,,,,,,,,,,
Morocco,23.71191269,24.50651919,24.26597735,24.15312888,25.81326751,25.62268173,25.68510458,25.40545481,25.24135381,25.24995241,26.04364339,25.95390905,25.91130939,24.55831041,
Monaco,12.92234736,12.82520232,13.01624234,13.9971637,12.62918561,17.59173987,18.25599097,12.80195358,13.14703707,13.03616102,14.89614445,12.54577624,12.27578945,11.51869841,
Moldova,20.43389172,20.91072042,21.31451091,21.60325754,21.1263772,21.10766573,21.19446461,21.01887677,22.14797636,21.92334893,23.134523,20.63126068,19.41539644,17.44038306,
Madagascar,18.00752056,17.85327281,17.27608432,17.90961382,19.24978287,18.95088473,19.40994447,20.11235766,21.48195747,22.44549735,19.46618711,21.72586417,22.60819436,22.38683492,
Maldives,9.431755806,10.07448199,9.790791627,8.058403066,8.413910755,10.7232266,11.27414928,11.42519846,13.0536487,11.9425438,12.56051383,9.192297547,9.918601287,9.69157991,
Middle East & North Africa,47.26434414,50.12589101,50.1788878,48.69729735,46.25578392,37.96255009,36.09438507,38.17786488,41.39724475,39.32169324,34.61784999,39.0669082,44.95167576,40.63871829,
Mexico,32.53948705,33.82310221,34.09634249,32.16827511,31.91755411,30.84025359,30.61679139,31.95868467,32.04386545,31.83829613,30.99998039,31.96952899,33.07251192,31.559312,
Marshall Islands,14.62290503,13.53737667,13.34742667,13.88433476,14.5738172,11.29885683,15.29697721,13.01230697,12.19868182,14.41717475,13.34536807,10.64943994,8.49952644,11.06027767,
Middle income,36.16279765,36.8094818,36.65740806,35.88000913,35.21097325,33.82403109,33.04211598,33.42215198,34.06505126,33.28293771,32.9753596,34.74977501,34.95073366,33.63856143,
North Macedonia,21.04226885,21.592422,21.0808587,22.14046476,22.82257866,23.92218322,23.96304609,24.25894588,24.05042988,23.70348341,22.74339589,22.58059209,23.02446807,23.25782419,
Mali,22.73404931,20.64908003,20.44739278,17.72513363,18.88782036,18.08939181,18.4106671,19.38910841,20.7455356,21.44653057,21.67078351,21.06816863,20.62991293,19.93327414,
Malta,17.44393894,16.44576293,15.07460965,14.55952963,13.07599997,12.09030469,12.27869725,11.45605695,11.51581159,12.06647137,12.29543832,12.02440348,11.93766691,11.68111855,
Myanmar,26.46806427,31.29164883,32.3730208,32.3622196,34.4897148,34.46882126,34.80950488,36.80092112,36.9634615,38.41261109,37.54391555,37.31088999,38.24713577,37.59292504,
Middle East & North Africa (excluding high income),42.13367032,43.06959923,42.73217351,41.59162501,38.96727038,33.05144933,32.3351482,34.67797051,36.56625864,35.20596341,31.01190001,35.89786583,40.32096603,36.64220015,
Montenegro,17.14840213,15.09421306,14.89050526,15.45724719,14.30364826,14.35346224,15.65498149,14.86137418,15.93412579,16.12944145,17.29468006,14.83549527,12.96530497,12.47668057,
Mongolia,33.19424749,31.33374856,30.77159311,30.50689238,31.49762327,31.51587758,33.17807153,37.41841161,37.97567033,38.09269776,37.04967085,37.07557212,35.31221757,39.53540901,
Northern Mariana Islands,,,,,,,,,,,,,,,
Mozambique,16.8681863,16.50933725,16.87400388,16.44572461,17.48846836,18.6152107,20.56698301,23.6070708,25.33392006,23.88826282,21.75399072,21.94117731,23.24259499,21.2873566,
Mauritania,38.19290578,44.10790377,37.47417814,38.60977013,28.43737066,22.7465106,25.21976004,23.74562923,23.63503872,28.59843509,33.64653877,32.08189289,29.13755033,30.59021489,
Mauritius,22.47196849,21.59977257,20.93975656,20.32691151,19.7179475,19.19317901,18.58451365,17.7627252,17.59954564,16.91088598,16.6414183,18.23887287,18.07792099,18.55767766,
Malawi,17.93172882,18.16619967,17.71852208,17.4239449,17.26492671,17.55617213,17.65584221,17.74796248,18.39079401,18.49900692,19.0817403,18.42397311,16.90734354,15.31611727,
Malaysia,40.49893235,39.82426873,40.13500101,39.88537365,39.92442448,38.44966979,37.6832735,38.11471636,38.29143917,37.47655524,35.93473853,37.68268618,39.0948343,37.66974981,
North America,19.98818437,20.19942172,19.91292045,19.9249297,19.99545009,18.9561678,18.33514569,18.74793011,18.98569523,18.58583324,17.6370986,17.8649621,,,
Namibia,27.42906842,29.32889118,29.98075467,26.5483435,26.63010297,27.56365362,27.51340327,26.07701809,26.86990462,27.05058111,25.81873495,24.44759679,27.07307507,30.01921147,
New Caledonia,26.16236788,25.3064766,22.77912402,22.58251252,23.93170624,22.10003596,20.16111541,21.24658053,,22.32673267,,,,,
Niger,23.00034119,22.77951052,26.53723973,26.04650195,23.60596024,22.53832868,21.24519507,21.07215369,19.69767795,20.58618049,20.23878495,20.83428155,18.88851252,20.19309939,
Nigeria,25.31745224,28.27779989,27.0730175,25.74232124,24.64360859,20.1607829,18.17313173,22.31511719,25.73330658,27.38253705,28.22050552,31.40753404,30.77556872,32.5844117,
Nicaragua,21.96875735,23.15746731,24.5478703,25.38734353,25.09865339,25.73488598,25.79491455,24.81727334,24.99513368,24.28069441,25.48173185,27.1940916,26.1442635,27.30923262,
Netherlands,18.9533173,19.32095858,19.32267043,18.68707433,17.68187826,17.41481031,16.96407123,17.12101175,17.32410485,17.11275575,17.37947709,17.70612977,18.65639653,18.74692651,
Norway,35.30948421,37.62458055,37.47657624,36.27393147,34.67383521,31.59863177,28.53061663,30.49336719,32.64461227,29.82445898,26.88316734,37.90192304,49.158192,38.9771384,
Nepal,14.20076226,13.39349059,13.97716181,13.79833757,13.56456523,13.16165463,12.65541777,12.86258589,13.20063963,13.01067541,12.04731993,11.79204255,12.18122847,12.05361949,
Nauru,,,,,,,,,,,,,,,
New Zealand,21.17565481,20.99422617,20.92333582,20.28763257,21.3754486,21.15608249,20.08866548,20.46167499,20.32184419,20.27454925,19.7803605,18.96949822,,,
OECD members,22.97795434,23.07090146,22.86991615,22.61425426,22.55052975,22.08484159,21.76113731,22.05346573,22.16922846,21.82280241,21.32720717,21.57383745,,,
Oman,63.27330932,68.18724872,67.5381672,64.92868793,62.05629187,53.09853524,47.94024994,49.59439552,53.89353115,51.37923295,47.14772229,51.92697165,58.61220564,54.33818222,
Other small states,29.49996494,31.61901785,31.31218946,30.30064056,28.90239112,26.13656305,25.06438325,25.26946867,25.89751476,25.64279992,24.99040973,26.5245605,27.88746357,25.11453028,
Pakistan,20.96501978,21.18648095,21.95837207,20.89102951,20.86599123,19.60261467,18.15011797,18.09932709,18.58905159,19.56389458,18.58946354,18.8964082,20.41259555,20.67729586,
Panama,18.77406211,19.37558397,20.98124689,24.41550784,25.77790375,26.5789491,27.41582125,28.25456213,28.32646061,28.41593273,23.43878089,26.3633167,26.46613983,27.82076836,
Peru,35.7720066,37.23610028,35.53355336,33.85943675,31.70140393,30.33787987,30.55655058,31.29788412,31.6240835,30.44919578,30.31928571,35.73533095,35.00569643,33.85852315,
Philippines,32.33955605,31.33868278,31.39949336,30.77544663,31.04744447,30.48195098,30.28591717,30.12655058,30.56374016,30.32750788,28.39991759,28.88980912,29.22123994,28.18068636,
Palau,9.771313086,8.52947521,8.116659807,7.800653853,7.534077147,7.977545401,10.17961885,8.193277311,8.936950468,11.24030036,12.73787496,11.698833,11.77314662,9.871885327,
Papua New Guinea,33.16880986,31.33622035,27.57318033,26.54054718,32.78483362,34.80493013,34.72997158,36.35985974,36.92404507,36.71108087,33.04708374,34.0395482,40.27919961,36.28779995,
Poland,29.69749939,30.394166,30.22816571,28.67683335,29.93512398,30.99393003,30.67348711,28.80907596,28.86146172,28.83152422,28.56694862,28.48599934,29.1814825,30.05700242,
Pre-demographic dividend,32.38796835,36.29813796,35.92128533,33.90485699,31.95946994,26.70878066,25.78633248,29.13635291,32.37152536,31.66993214,28.6344959,32.43200463,35.47079108,31.99961676,
Puerto Rico,50.90123835,49.78470718,49.63845742,49.26393363,49.93391628,50.93827841,51.15151236,50.22945954,50.6557671,50.84441206,50.31692732,50.48042501,49.41356307,49.06155351,
"Korea, Dem. People's Rep.",,,,,,,,,,,,,,,
Portugal,19.9335311,19.3319728,19.08675839,18.88309738,18.98504401,19.59384983,19.44817809,19.24938331,19.38204354,18.88608319,19.39453334,19.31283696,18.40324301,18.14936673,
Paraguay,34.60391551,34.03456239,34.51409814,33.23292499,33.60807585,34.58225375,34.49678032,34.39375891,33.55617521,33.48931143,34.20429922,34.67968973,34.25396576,32.35508204,
West Bank and Gaza,18.62624593,18.934213,20.23606697,18.55869187,17.97179353,16.42523833,17.26277799,19.23177083,19.28412568,18.43289462,17.02839998,17.68512894,17.39271086,,
Pacific island small states,14.92125729,15.8653029,15.32569329,14.56176752,14.06290158,14.02386762,14.70070044,14.47519369,14.16492339,14.46229751,14.67393942,14.40932452,13.96179844,12.86449335,
Post-demographic dividend,22.45807619,22.43062301,22.20177602,21.94945271,21.88867301,21.36574039,21.08886894,21.35914915,21.47440511,21.14830779,20.64830905,20.81433154,,,
French Polynesia,11.09865901,10.66556864,10.81710811,10.61847624,10.79462685,10.82484305,10.66791761,10.35483897,10.28754674,10.68346243,,,,,
Qatar,,73.21426579,73.46916076,71.76825133,69.75794746,57.4407932,53.20526006,56.68796532,60.38152349,57.16456607,52.33343073,59.9840088,65.34889949,60.36805079,
Romania,38.30732865,40.20991596,34.42764635,32.0726085,32.57002115,30.81180708,30.12138475,29.11309332,28.911866,27.62803765,26.48734225,26.07985944,27.33527655,26.68732869,
Russian Federation,29.99958822,29.41358884,29.10286807,28.19128918,27.93152706,29.79405999,29.17390507,30.67329689,32.55429805,32.15049584,29.71712458,31.40207238,32.09553657,30.64753454,
Rwanda,16.32898192,18.16784485,18.22550342,17.61685598,17.55138349,17.44666319,16.83699129,17.28422325,17.34997975,18.86474597,18.63827504,20.40513195,21.26953125,21.52029399,
South Asia,29.18164706,28.70727724,28.18153356,27.31493549,26.76092209,26.3496801,26.01768616,25.98698464,26.02350476,24.87972726,25.26665464,26.40030035,25.6846464,25.462898,
Saudi Arabia,58.03151995,63.17031741,62.20831025,59.34703742,56.57513013,44.63949564,42.4239039,44.94597629,49.13400966,46.04781884,39.47053895,44.17359525,53.13661329,46.97367461,
Sudan,21.14204692,20.3300649,17.61752668,20.23674556,18.10049606,16.07121074,17.35460571,16.61740797,20.7757619,21.73630133,23.32818616,7.368743673,4.871401746,5.119763536,
Senegal,21.77617631,23.30613296,23.11179753,24.29421252,23.15260328,23.59660851,23.34405351,23.27769428,24.01344539,23.57280962,23.20904116,23.91248636,24.78759767,24.30187818,
Singapore,26.63587172,25.25959258,25.02220216,23.44272863,24.16851925,24.28802291,23.24515861,23.52505968,25.39393161,24.02135238,23.20869309,24.27736289,23.74660667,22.40036132,
Solomon Islands,12.9725252,18.65059352,18.24490966,15.64766398,16.86040019,15.55203493,15.55671081,17.60230488,17.60163772,18.12150521,17.24498692,18.05907656,18.65669889,,
Sierra Leone,4.973956959,5.04825694,9.321970212,13.57025337,9.981431976,2.831081632,4.321536374,3.318450113,17.51068634,17.93045317,17.64106719,19.16430682,20.73426182,26.03316651,
El Salvador,25.27591186,26.19541328,26.58935807,26.12164271,26.013534,25.28892954,24.83482787,25.17147273,25.07550676,25.34814372,23.7247499,24.1049005,25.21001022,24.95415342,
San Marino,,,,,,32.02416615,32.40716496,32.45303154,36.21692033,34.77865695,35.61492207,36.63555816,37.59520178,,
Somalia,,,,,,,,,,,,,,,
Serbia,25.30236586,26.61820176,27.01819748,28.24955279,26.41284651,26.4213848,26.65426964,26.77326823,25.9062104,25.55461449,24.36276441,24.38475894,25.21801373,23.97466233,
Sub-Saharan Africa (excluding high income),27.43965953,29.34382852,28.97275145,28.18607393,27.19106559,24.15952638,23.38851908,25.46749892,27.36593286,26.94366993,26.28334744,27.61157035,28.39203209,27.100759,
South Sudan,61.14369966,61.22564324,51.15029222,22.22482785,46.69940073,33.0945354,,,,,,,,,
Sub-Saharan Africa,27.43436395,29.3382108,28.96680854,28.17744785,27.18262004,24.1509912,23.37854226,25.45368862,27.35036528,26.92868731,26.27371183,27.59937929,28.37550059,27.08498501,
Small states,26.95603491,28.90608311,28.55232375,27.6971739,26.46171468,23.8812524,23.30734055,23.65418749,24.17274773,23.9978673,23.89008989,25.65744149,27.96214028,25.12890111,
Sao Tome and Principe,14.689273,11.98650588,12.11110293,13.34370752,12.81634904,11.67945916,10.32952039,9.07470301,8.388262005,7.526112851,6.058836687,5.044571674,4.355406435,2.821002021,
Suriname,35.17051613,35.10932743,35.26226117,32.25369531,30.24748468,27.25991566,26.75536002,38.27369389,36.76224155,33.88076701,36.56067184,37.70885374,42.23051733,39.86775448,
Slovak Republic,29.956655,29.92955852,30.07110484,27.95627316,29.89481377,29.93189523,28.67045334,28.07680098,28.59301653,29.14678406,28.53772755,28.49170908,26.52404223,32.86194415,
Slovenia,26.3518668,26.54872343,27.07243904,27.13635733,27.77362038,27.62721233,27.59979562,28.03117422,28.07187297,28.5562741,28.94488141,28.17353619,28.00983047,29.70108054,
Sweden,23.85911879,23.73387749,23.10520143,21.98489669,21.6085141,22.28366785,21.9558674,22.16370526,22.18511636,22.29257389,21.81236405,23.0555277,24.02488163,23.25101405,
Eswatini,37.70556388,36.7774863,36.79896077,36.03003455,35.81514912,36.59846714,37.6778728,34.90404582,34.28849184,34.4487681,30.90207566,32.37461449,34.70290477,34.60340528,
Sint Maarten (Dutch part),,12.93268083,11.64503882,11.26160568,7.301341058,6.96750003,6.832957975,6.877032537,6.53037877,7.270146573,7.056707728,6.028524723,,,
Seychelles,19.61349124,20.69526086,19.73438194,16.54130097,15.77004697,14.20303272,13.69095288,11.7738884,11.8099756,12.21856243,14.27154538,11.75372793,11.70970332,12.02158112,
Syrian Arab Republic,30.42652417,33.73321405,25.04881247,23.19360902,19.49522803,15.49133603,16.23677963,17.20686491,18.49595161,15.91604685,21.09040434,18.66893565,12.0009587,,
Turks and Caicos Islands,11.93633609,9.387359534,9.501884727,9.831777237,9.29815592,9.666266838,9.464749935,,,,,,,,
Chad,36.20024731,40.99687307,43.25266338,40.45934302,39.6909153,33.58470806,32.81417112,30.42941147,31.46876155,32.72909234,35.72623983,39.58541177,50.68661645,44.37129757,
East Asia & Pacific (IDA & IBRD countries),44.79576294,44.95308457,44.10445425,43.0377902,42.16255092,40.13998038,38.99749843,39.27246643,39.21023286,38.18741483,37.45443493,38.93548692,39.1245205,38.01278694,
Europe & Central Asia (IDA & IBRD countries),29.55004345,30.00419047,29.49457112,28.79274087,28.94322384,29.29077406,28.99758287,29.62557265,30.52877804,29.80750836,28.58005718,30.00707097,30.83105016,29.19737531,
Togo,20.27238167,21.69524115,19.95209222,22.12824212,23.77218538,22.79404267,20.88353749,20.40173636,21.02960762,19.34441434,20.1584693,20.16934607,20.14113611,20.16983611,
Thailand,39.9217257,37.98139827,37.34369414,36.89858846,36.76304037,36.17917733,35.58676541,35.01875953,34.74248967,33.59391051,33.29072297,35.04964694,35.15209303,32.88653891,
Tajikistan,24.97662615,22.46874906,22.04263462,23.11516465,22.60474151,30.2202135,32.21336623,31.84685796,34.3983608,33.06214906,33.79653947,35.1776826,34.70258086,,
Turkmenistan,59.13116435,65.86929124,66.57985591,63.42771208,60.66960111,54.29333035,51.43254366,47.04388965,44.90639828,42.41227932,37.38268803,37.12419869,40.44776698,39.27219947,
Latin America & the Caribbean (IDA & IBRD countries),28.92734419,28.73793933,28.37161641,27.39822499,26.65754903,28.84918034,27.82892402,27.93723164,28.91736419,28.71243344,28.76313407,31.02968133,31.81318624,31.03946157,
Timor-Leste,9.137311513,12.98574647,12.79113872,20.10621128,16.97929695,18.37076232,19.22911351,15.78052928,16.49902191,30.41314498,36.75200886,62.1886426,54.51234404,23.8663237,
Middle East & North Africa (IDA & IBRD countries),42.29580022,43.2335836,42.88728557,41.78166291,39.14926437,33.21192861,32.49178359,34.84594024,36.75704503,35.40239062,31.17727024,36.11277848,40.5760408,36.85215727,
Tonga,18.0424994,19.08757481,18.86622925,15.89521962,16.1281919,15.54720981,15.97237147,16.42122344,15.33875322,15.66874662,15.09779509,17.89800811,15.54521958,,
South Asia (IDA & IBRD),29.18164706,28.70727724,28.18153356,27.31493549,26.76092209,26.3496801,26.01768616,25.98698464,26.02350476,24.87972726,25.26665464,26.40030035,25.6846464,25.462898,
Sub-Saharan Africa (IDA & IBRD countries),27.43436395,29.3382108,28.96680854,28.17744785,27.18262004,24.1509912,23.37854226,25.45368862,27.35036528,26.92868731,26.27371183,27.59937929,28.37550059,27.08498501,
Trinidad and Tobago,53.81395645,57.05101228,46.49414579,44.7271417,43.28238488,35.68858738,34.2210354,35.91631279,38.55155443,35.71820211,30.77491801,39.95556534,48.94130627,,
Tunisia,29.52355177,30.54812597,30.12153682,29.13794673,27.12888364,24.89673137,24.00745412,23.6241012,23.68622522,23.23531158,21.5120069,23.4077945,24.86488166,23.51207018,
Turkiye,24.49015183,26.83751694,26.64934736,27.67999217,28.11666119,27.83434929,28.08295977,29.13172126,29.43859753,27.33170283,28.02576653,31.13280073,31.29376746,28.37765336,
Tuvalu,5.525714286,8.892105263,7.635,7.49075,7.393488372,7.015510204,,,,,,,,,
Tanzania,23.55617366,26.38208409,25.39949872,25.44674503,25.14150348,24.48735011,24.85839937,25.04215119,27.00776551,28.67183336,27.08445029,27.29614189,27.68481118,28.03394335,
Uganda,27.59183362,27.55829568,27.17860734,25.46466468,25.22268201,27.10988488,26.16646039,26.03099481,26.23601165,26.6204367,26.49052459,27.14944169,26.76614863,25.75321144,
Ukraine,25.6492814,24.83912427,24.26605241,22.43026499,22.81899157,21.72795774,23.17836207,23.28880022,23.29333298,22.58041968,20.79994297,23.15371422,18.0108316,18.83565253,
Upper middle income,37.96806,38.53557915,38.3211827,37.51104462,36.90356733,35.53959242,34.78085226,35.09013136,35.71990451,34.8900316,34.5268084,36.44462714,36.74340935,35.19842127,
Uruguay,24.52885572,22.70512024,22.86222893,23.66924034,24.70064115,25.44175805,18.86731415,18.03189206,18.33338897,17.56016598,17.01178305,17.54610462,17.31820023,16.39900372,
United States,19.31024883,19.40749752,19.16261395,19.19889036,19.26843376,18.49671277,17.93687249,18.30874423,18.51954615,18.14548384,17.26767739,17.60817207,,,
Uzbekistan,21.22951481,19.77798046,20.42793816,21.29451964,22.07089255,22.52046082,22.9212713,24.72537784,28.64289864,31.99911837,32.02524333,32.39681801,31.48135075,30.61306988,
St. Vincent and the Grenadines,15.90305475,15.13512361,14.57607677,14.70692612,14.1124131,14.94890992,14.38220338,14.67061007,14.55758495,13.69948802,12.59694878,13.36512371,13.96190119,14.16837497,
"Venezuela, RB",48.40860228,48.63213241,45.16019843,44.72616122,37.24468889,,,,,,,,,,
British Virgin Islands,,,,,,,,,,,,,,,
Virgin Islands (U.S.),,,,,,,,,,,,,,,
Viet Nam,33.02287714,34.58040878,35.86023239,35.57515044,35.29856849,34.26654664,34.11522886,35.39036407,36.54243341,36.8031369,36.74371329,37.39151925,38.17537611,37.12010184,
Vanuatu,12.87309988,9.994920543,7.874072577,8.211515929,7.513672136,9.923798285,9.977923902,10.16977732,10.02957171,,,,,,
World,27.50181622,28.05063107,28.04633274,27.69180057,27.43858704,26.73114272,26.16639918,26.6584034,27.13324123,26.59579644,25.99682842,27.07564606,27.22167703,26.11986825,
Samoa,14.77778185,15.76615253,16.30707384,15.14672879,15.20952043,14.5012807,14.40868348,13.18495546,11.72041111,11.95963932,11.12237565,11.12975738,11.42476079,10.90783614,
Kosovo,27.04119832,27.51482472,27.50847669,27.1872163,26.51706683,26.94323282,26.8584266,27.52757197,27.90835853,27.08838447,27.55845663,27.44916199,27.24418139,26.34570608,
"Yemen, Rep.",52.96074775,53.10656509,39.74845544,38.99441415,39.88825801,33.86615935,25.90226807,25.92404097,25.44299784,,,,,,
South Africa,25.3034631,24.83949115,24.46860024,24.55174177,24.30528201,23.73230797,23.7825373,23.6105565,23.53706084,23.62201528,23.33943841,24.86916504,24.93487258,24.61964147,
Zambia,32.23891476,34.44428192,32.01065039,32.55644911,32.94414802,33.65724912,34.87716661,37.30404492,34.48532158,34.94198122,40.19768966,41.83193847,35.28382102,35.10777807,
Zimbabwe,20.69371908,21.72029224,25.33061187,23.79961521,23.71854762,22.3583917,22.11505907,32.01562642,31.0378977,32.02594681,32.76751675,28.8055863,39.69164174,26.30105992,