country,year,inward_fdi,export,import,gdp,unemployment_rate,population,industry,econ_freedom
 Brunei Darussalam,2010,625.4,8837178813,2436976676,13707121031,6.455,392332,68.65335068,
 Brunei Darussalam,2011,1208.3,12440507595,2942794311,18524791071,6.442,399389,73.67241439,
 Brunei Darussalam,2012,864.8,13180600609,3674064918,19048443340,6.482,405557,72.6556143,
 Brunei Darussalam,2013,725.5,11445574183,3611831136,18094148099,6.655,411202,70.02244393,
 Brunei Darussalam,2014,568.2,10584141314,3596559222,17097797372,6.862,416750,67.84963064,69
 Brunei Darussalam,2015,171.3,6353924085,3238238233,12930296852,7.726,422212,61.36277769,68.9
 Brunei Darussalam,2016,-150.4,6024104731,2670234410,11400266055,8.574,427564,57.28936408,67.3
 Brunei Darussalam,2017,460.1,5588261658,3088022852,12128168047,9.316,432772,59.72058921,69.8
 Brunei Darussalam,2018,517.3,6571371352,4157391401,13566908401,8.7,437810,63.24481837,64.2
 Brunei Darussalam,2019,374.6,7039084880,5102696998,13469235348,6.6,442680,62.5153214,65.1
 Brunei Darussalam,2020,577.4,6607738114,5343170558,12005799664,7.409,447404,59.13363013,66.6
 Brunei Darussalam,2021,204.8,11456382916,7229662222,14006496614,4.905,451721,62.70156408,66.6
 Brunei Darussalam,2022,-284.4,14007271785,9333156990,16681536443,5.191,455370,67.92558548,64.8
 Brunei Darussalam,2023,-56.9,10794808975,7310656668,15128292981,5.183,458949,61.80076976,65.7
 Cambodia,2010,782.6,3825902657,4775283267,13808673288,0.771,14500726,26.00889851,56.6
 Cambodia,2011,891.7,5121058660,6099428180,16032622024,0.577,14722584,26.66069267,57.9
 Cambodia,2012,1557.1,5330545902,7466600654,17826536700,0.496,14945085,27.61102977,57.6
 Cambodia,2013,1274.9,6665865414,8211596311,19807135253,0.438,15170208,28.9581198,58.5
 Cambodia,2014,1726.5,6748663680,9659414711,22041463968,0.692,15396772,29.91699165,57.4
 Cambodia,2015,1701,8557668794,11797338385,24174170369,0.393,15623251,31.46390517,57.5
 Cambodia,2016,2475.9,10073044058,12370888411,26556545153,0.716,15852803,33.05620946,57.9
 Cambodia,2017,2788.1,11278127964,14284537081,29355665910,0.141,16073372,34.29808092,59.5
 Cambodia,2018,3212.6,12700279676,17490016367,33145892169,0.13,16274522,36.87142375,58.7
 Cambodia,2019,3663,14844775836,19735382931,36685356408,0.119,16481304,39.04559465,57.8
 Cambodia,2020,3624.6,17412052058,18968043201,34818073901,0.172,16725474,37.45761228,57.3
 Cambodia,2021,3483.5,16949623220,25490548377,36790163687,0.396,16974305,40.32050857,57.3
 Cambodia,2022,3578.8,20750452545,29997776208,39994532960,0.231,17201724,40.86496262,57.1
 Cambodia,2023,3958.8,21676660006,24410869146,42335646896,0.225,17423880,40.51737416,56.5
 Indonesia,2010,13770.2,1.58E+11,1.36E+11,7.55E+11,5.614,246305322,42.77586634,55.5
 Indonesia,2011,19241.6,2.03E+11,1.77E+11,8.93E+11,5.153,249470032,43.91342343,56
 Indonesia,2012,19137.9,1.90E+11,1.92E+11,9.18E+11,4.468,252698525,43.59374442,56.4
 Indonesia,2013,18443.8,1.83E+11,1.87E+11,9.13E+11,4.336,255852467,42.63567744,56.9
 Indonesia,2014,21810.4,1.76E+11,1.78E+11,8.91E+11,4.049,258877399,41.92834213,58.5
 Indonesia,2015,16642.1,1.50E+11,1.43E+11,8.61E+11,4.514,261799249,40.0478624,58.1
 Indonesia,2016,3920.7,1.45E+11,1.36E+11,9.32E+11,4.301,264627418,39.30844398,59.4
 Indonesia,2017,20579.2,1.69E+11,1.57E+11,1.02E+12,3.783,267346658,39.3791548,61.9
 Indonesia,2018,20563.5,1.80E+11,1.89E+11,1.04E+12,4.387,269951846,39.72973745,64.2
 Indonesia,2019,23883.3,1.68E+11,1.71E+11,1.12E+12,3.59,272489381,38.951768,65.8
 Indonesia,2020,18591,1.63E+11,1.42E+11,1.06E+12,4.255,274814866,38.23839372,67.2
 Indonesia,2021,21131.1,2.32E+11,1.96E+11,1.19E+12,3.827,276758053,39.84481919,66.9
 Indonesia,2022,25389.9,2.92E+11,2.37E+11,1.32E+12,3.462,278830529,41.43004725,64.4
 Indonesia,2023,22040.1,2.59E+11,2.22E+11,1.37E+12,3.308,281190067,40.21562946,63.5
 Lao PDR,2010,332.6,1908744657,1836634490,7131771015,0.708,6334194,30.46602109,51.1
 Lao PDR,2011,466.8,1898021883,2582095400,8750104617,1.055,6426590,30.81597019,51.3
 Lao PDR,2012,294.4,1597135450,2597521432,10192846339,1.399,6518978,32.43664467,50
 Lao PDR,2013,426.7,2987771796,3552279810,11983252627,1.757,6611385,30.42770755,50.1
 Lao PDR,2014,913.2,2572201001,4452378889,13279245886,2.119,6703172,28.81500055,51.2
 Lao PDR,2015,1079.2,2985098265,3778391654,14426380126,2.494,6801645,27.69334425,51.4
 Lao PDR,2016,1075.7,4531835808,4483499261,15912501723,2.881,6908802,28.75950464,49.8
 Lao PDR,2017,1695.4,4909735476,5159709477,17071155481,3.268,7018147,30.9124754,54
 Lao PDR,2018,1358,5400348913,5848036260,18141641090,2.9,7128045,31.53319249,53.6
 Lao PDR,2019,755.5,5809350361,5797445916,18740561513,2.537,7237636,31.53138199,57.4
 Lao PDR,2020,967.7,5086890723,5013637328,18981805250,2.361,7346533,32.41636783,55.5
 Lao PDR,2021,1071.9,7699607436,5885213728,18827148531,2.066,7453194,34.12997772,53.9
 Lao PDR,2022,635.8,9563892348,7615873895,15468785204,1.209,7559007,34.10897973,49.2
 Lao PDR,2023,1781.2,6042417732,7075164581,15843155731,1.188,7664993,30.53358083,50.3
 Malaysia,2010,9110.9,1.99E+11,1.65E+11,2.55E+11,3.39,28655776,40.49893235,64.8
 Malaysia,2011,12224,2.28E+11,1.87E+11,2.98E+11,3.05,29162039,39.82426873,66.3
 Malaysia,2012,9242.4,2.28E+11,1.96E+11,3.14E+11,3.1,29662831,40.13500101,66.4
 Malaysia,2013,12107.1,2.28E+11,2.06E+11,3.23E+11,3.16,30174265,39.88537365,66.1
 Malaysia,2014,10875.3,2.34E+11,2.09E+11,3.38E+11,2.88,30696137,39.92442448,69.6
 Malaysia,2015,10180,1.99E+11,1.76E+11,3.01E+11,3.1,31232798,38.44966979,70.8
 Malaysia,2016,11290.3,1.90E+11,1.68E+11,3.01E+11,3.44,31789685,37.6832735,71.5
 Malaysia,2017,9295.8,2.18E+11,1.95E+11,3.19E+11,3.41,32355644,38.11471636,73.8
 Malaysia,2018,7611.3,2.49E+11,2.18E+11,3.59E+11,3.3,32910967,38.29143917,74.5
 Malaysia,2019,7859.7,2.38E+11,2.05E+11,3.65E+11,3.26,33440596,37.47655524,74
 Malaysia,2020,3185.3,2.35E+11,1.91E+11,3.37E+11,4.54,33889558,35.93473853,74.7
 Malaysia,2021,12144.2,2.99E+11,2.38E+11,3.74E+11,4.64,34282399,37.68268618,74.4
 Malaysia,2022,17284,3.57E+11,2.98E+11,4.08E+11,3.93,34695493,39.0948343,68.1
 Malaysia,2023,8781.5,3.13E+11,2.65E+11,4.00E+11,3.869,35126298,37.66974981,67.3
 Myanmar,2010,2248.8,7871068396,3995553629,49540813342,0.727,49024382,26.46806427,36.7
 Myanmar,2011,2058.2,7418904931,7813819431,59977326086,0.75,49419820,31.29164883,37.8
 Myanmar,2012,1354.2,8374815859,8798340424,59937796648,0.767,49837446,32.3730208,38.7
 Myanmar,2013,2620.9,11232890753,12042580067,60269732855,0.775,50262658,32.3622196,39.2
 Myanmar,2014,946.2,11030641921,16226066527,65531374200,0.763,50681634,34.4897148,46.5
 Myanmar,2015,2824.5,11432342563,16843599149,59607290408,0.766,51089056,34.46882126,46.9
 Myanmar,2016,2989.5,11836566478,15705866362,63298361996,1.058,51495696,34.80950488,48.7
 Myanmar,2017,4002.4,13877953289,19253456554,66053040483,1.356,51894938,36.80092112,52.5
 Myanmar,2018,1609.8,16703641419,19355066010,67860515990,0.767,52272247,36.9634615,53.9
 Myanmar,2019,1729.9,17997120540,18577866981,75065106228,0.407,52640713,38.41261109,53.6
 Myanmar,2020,2205.6,16949753640,17968641307,79006113643,1.476,53016522,37.54391555,54
 Myanmar,2021,1005,15153407713,14326567729,66345291160,4.34,53387102,37.31088999,55.2
 Myanmar,2022,2980.9,17083481669,17403358931,62253049892,3.057,53756787,38.24713577,49.6
 Myanmar,2023,2204.1,14753234817,16440464900,66757619000,3.032,54133798,37.59292504,46.5
 Philippines,2010,1298,51431703405,58228623983,2.08E+11,3.605,96337125,32.33955605,56.3
 Philippines,2011,1815.9,48042193206,63709401563,2.34E+11,3.592,98248614,31.33868278,56.2
 Philippines,2012,2797,51995237988,65386398980,2.62E+11,3.504,100175512,31.39949336,57.1
 Philippines,2013,3859.8,53978267908,65130621977,2.84E+11,3.497,102076336,30.77544663,58.2
 Philippines,2014,5814.6,62101619193,68704471282,2.97E+11,3.6,103767130,31.04744447,60.1
 Philippines,2015,5639.2,58648377604,70186126906,3.06E+11,3.068,105312992,30.48195098,62.2
 Philippines,2016,8279.5,56312889212,85935069197,3.19E+11,2.695,106735719,30.28591717,63.1
 Philippines,2017,10256.4,68712897400,1.02E+11,3.28E+11,2.552,108119693,30.12655058,65.6
 Philippines,2018,9948.6,69307425788,1.19E+11,3.47E+11,2.338,109465287,30.56374016,65
 Philippines,2019,8671.4,70926981841,1.17E+11,3.77E+11,2.237,110804683,30.32750788,63.8
 Philippines,2020,6822.1,65214516368,95161287880,3.62E+11,2.522,112081264,28.39991759,64.5
 Philippines,2021,11983.4,74617568026,1.34E+11,3.94E+11,3.398,113100950,28.88980912,64.1
 Philippines,2022,9492.2,79574105032,1.45E+11,4.04E+11,2.598,113964338,29.22123994,61.1
 Philippines,2023,9116.3,73617115492,1.34E+11,4.37E+11,2.222,114891199,28.18068636,59.3
 Singapore,2010,57460.6,3.53E+11,3.13E+11,2.40E+11,4.12,5076732,26.63587172,86.1
 Singapore,2011,39886.6,4.16E+11,3.73E+11,2.79E+11,3.89,5183688,25.25959258,87.2
 Singapore,2012,60101.9,4.16E+11,3.86E+11,2.95E+11,3.72,5312437,25.02220216,87.5
 Singapore,2013,56670.9,4.20E+11,3.88E+11,3.08E+11,3.86,5399162,23.44272863,88
 Singapore,2014,73284.5,4.15E+11,3.78E+11,3.15E+11,3.74,5469724,24.16851925,89.4
 Singapore,2015,59702.3,3.58E+11,3.08E+11,3.08E+11,3.79,5535002,24.28802291,89.4
 Singapore,2016,67509.8,3.38E+11,2.92E+11,3.19E+11,4.08,5607283,23.24515861,87.8
 Singapore,2017,85369.3,3.83E+11,3.18E+11,3.43E+11,4.2,5612253,23.52505968,88.6
 Singapore,2018,73101.3,4.12E+11,3.71E+11,3.77E+11,3.613,5638676,25.39393161,88.8
 Singapore,2019,97529.6,3.91E+11,3.59E+11,3.77E+11,3.1,5703569,24.02135238,89.4
 Singapore,2020,74886.9,3.75E+11,3.30E+11,3.49E+11,4.1,5685807,23.20869309,89.4
 Singapore,2021,126625.2,4.57E+11,4.06E+11,4.34E+11,4.64,5453566,24.27736289,89.7
 Singapore,2022,141093.7,5.15E+11,4.75E+11,4.98E+11,3.591,5637022,23.74660667,84.4
 Singapore,2023,159630.1,4.76E+11,4.23E+11,5.01E+11,3.444,5917648,22.40036132,83.9
 Thailand,2010,14555,1.93E+11,1.83E+11,3.41E+11,0.622,68579447,39.9217257,64.1
 Thailand,2011,1370.4,2.23E+11,2.29E+11,3.71E+11,0.66,69007208,37.98139827,64.7
 Thailand,2012,9135.2,2.30E+11,2.48E+11,3.98E+11,0.58,69436098,37.34369414,64.9
 Thailand,2013,15493,2.29E+11,2.50E+11,4.20E+11,0.249,69845114,36.89858846,64.1
 Thailand,2014,4809.1,2.28E+11,2.28E+11,4.07E+11,0.576,70216367,36.76304037,63.3
 Thailand,2015,5623.8,2.14E+11,2.03E+11,4.01E+11,0.597,70540795,36.17917733,62.4
 Thailand,2016,2491.3,2.15E+11,1.95E+11,4.13E+11,0.688,70859841,35.58676541,63.9
 Thailand,2017,7874.9,2.37E+11,2.23E+11,4.56E+11,0.83,71160187,35.01875953,66.2
 Thailand,2018,11705.4,2.41E+11,1.92E+11,5.07E+11,0.765,71376079,34.74248967,67.1
 Thailand,2019,3780.5,2.46E+11,2.37E+11,5.44E+11,0.716,71522271,33.59391051,68.3
 Thailand,2020,-5630.4,2.31E+11,2.07E+11,5.00E+11,1.099,71641484,33.29072297,69.4
 Thailand,2021,14647.9,2.72E+11,2.67E+11,5.06E+11,1.215,71727332,35.04964694,69.7
 Thailand,2022,11705.1,2.87E+11,3.01E+11,4.96E+11,0.94,71735329,35.15209303,63.2
 Thailand,2023,8053.4,2.85E+11,2.89E+11,5.15E+11,0.733,71702435,32.88653891,60.6
 Viet Nam,2010,8000,72236663139,84838551844,1.47E+11,1.114,87455152,33.02287714,49.8
 Viet Nam,2011,7519,96905673977,1.07E+11,1.73E+11,0.999,88468314,34.58040878,51.6
 Viet Nam,2012,8368,1.15E+11,1.13E+11,1.96E+11,1.027,89510356,35.86023239,51.3
 Viet Nam,2013,8900,1.33E+11,1.32E+11,2.14E+11,1.316,90573104,35.57515044,51
 Viet Nam,2014,9200.1,1.48E+11,1.46E+11,2.33E+11,1.256,91679578,35.29856849,50.8
 Viet Nam,2015,11800,1.62E+11,1.66E+11,2.39E+11,1.848,92823254,34.26654664,51.7
 Viet Nam,2016,12600,1.77E+11,1.74E+11,2.57E+11,1.848,94000117,34.11522886,54
 Viet Nam,2017,14100,2.14E+11,2.11E+11,2.81E+11,1.874,95176977,35.39036407,52.4
 Viet Nam,2018,15500,2.44E+11,2.37E+11,3.10E+11,1.161,96237319,36.54243341,53.1
 Viet Nam,2019,16120,2.65E+11,2.53E+11,3.34E+11,1.681,97173776,36.8031369,55.3
 Viet Nam,2020,15800,2.81E+11,2.61E+11,3.47E+11,2.103,98079191,36.74371329,58.8
 Viet Nam,2021,15660,3.36E+11,3.31E+11,3.66E+11,2.385,98935098,37.39151925,61.7
 Viet Nam,2022,17900,3.71E+11,3.59E+11,4.10E+11,1.523,99680655,38.17537611,60.6
 Viet Nam,2023,18500,3.53E+11,3.25E+11,4.30E+11,1.645,100352192,37.12010184,61.8